{"cameraMode":{"drawMode":0,"name":"Shaded","section":"Shading Mode"},"sceneLighting":false,"audioPlay":false,"sceneViewState":{"m_AlwaysRefresh":false,"showFog":true,"showSkybox":false,"showFlares":true,"showImageEffects":true,"showParticleSystems":true,"showVisualEffectGraphs":true,"m_FxEnabled":true},"in2DMode":false,"pivot":{"x":-15.090680122375489,"y":7.753941535949707,"z":-35.88603591918945},"rotation":{"x":0.012588677927851677,"y":0.9769411087036133,"z":-0.20697815716266633,"w":0.05647069960832596},"size":5.817254543304443,"orthographic":false}