{"cameraMode":{"drawMode":0,"name":"Shaded","section":"Shading Mode"},"sceneLighting":false,"audioPlay":false,"sceneViewState":{"m_AlwaysRefresh":false,"showFog":true,"showSkybox":false,"showFlares":true,"showImageEffects":true,"showParticleSystems":true,"showVisualEffectGraphs":true,"m_FxEnabled":true},"in2DMode":false,"pivot":{"x":-92.18486022949219,"y":2.0585122108459474,"z":48.472389221191409},"rotation":{"x":0.22048278152942658,"y":-0.6681997179985046,"z":0.21814124286174775,"w":0.6764819622039795},"size":0.46514415740966799,"orthographic":false}